Variant,Accuracy,Precision (macro),Recall (macro),F1 (macro),TP_pos,FN_pos,FP_pos,TN_neg,Recall_pos,Recall_neg,Precision_pos,Precision_neg
Zero-shot,0.940000,0.934253,0.945833,0.938424,55,5,1,39,0.916667,0.975000,0.982143,0.886364
Few-shot (2),0.950000,0.944716,0.954167,0.948512,56,4,1,39,0.933333,0.975000,0.982456,0.906977
Few-shot (5),0.940000,0.934253,0.945833,0.938424,55,5,1,39,0.916667,0.975000,0.982143,0.886364
CoT,0.920000,0.914654,0.929167,0.918401,53,7,1,39,0.883333,0.975000,0.981481,0.847826
